{
  "project_info": {
    "project_number": "615404838449",
    "project_id": "edilecekcampapp",
    "storage_bucket": "edilecekcampapp.appspot.com"
  },
  "client": [
    {
      "client_info": {
        "mobilesdk_app_id": "1:615404838449:android:45a87df11652606e95ff10",
        "android_client_info": {
          "package_name": "com.example.edilecekcampapp"
        }
      },
      "oauth_client": [
        {
          "client_id": "615404838449-3mpfaff0ns9e3kflkokj47s35qgav2vs.apps.googleusercontent.com",
          "client_type": 1,
          "android_info": {
            "package_name": "com.example.edilecekcampapp",
            "certificate_hash": "d0de2b22ba79249f6b2b11bf4ced6e7847ecf64f"
          }
        },
        {
          "client_id": "615404838449-vfto8uohoo61k1lfm8ksf4qvb4okmhc7.apps.googleusercontent.com",
          "client_type": 3
        }
      ],
      "api_key": [
        {
          "current_key": "AIzaSyA4uLkYP7iHruet81vY-6DS37pIqbOrWwM"
        }
      ],
      "services": {
        "appinvite_service": {
          "other_platform_oauth_client": [
            {
              "client_id": "615404838449-vfto8uohoo61k1lfm8ksf4qvb4okmhc7.apps.googleusercontent.com",
              "client_type": 3
            }
          ]
        }
      }
    }
  ],
  "configuration_version": "1"
}